timestamp,price,volume
1616045340000,59006.9,4.22761456
1616045400000,58976.4,4.20605387
1616045460000,58953.7,2.92625294
1616045520000,59010.0,3.70471524
1616045580000,58919.2,13.67772165
1616045640000,58830.0,19.16631391
1616045700000,58916.5,6.41670716
1616045760000,58943.0,4.39054948
1616045820000,58970.0,3.69451734
1616045880000,59012.2,2.90462582
1616045940000,59029.1,3.06341567
1616046000000,58976.5,3.34251756
1616046060000,58976.8,1.49833978
1616046120000,58978.3,3.81255896
1616046180000,58907.3,2.37495298
1616046240000,58949.8,2.58519318
1616046300000,58931.7,2.32267928
1616046360000,58924.3,2.61316445
1616046420000,58903.8,2.51813661
1616046480000,58946.1,2.32365131
1616046540000,58973.0,2.01585667
1616046600000,59008.0,0.99692999
1616046660000,59038.3,6.26882467
1616046720000,59012.2,2.0274996
1616046780000,59080.5,3.0518394
1616046840000,59048.4,6.05453305
1616046900000,59027.4,1.33962615
1616046960000,59028.2,1.4701084
1616047020000,58965.6,4.07961023
1616047080000,58966.1,3.09328996
1616047140000,58976.9,2.52405367
1616047200000,58982.1,3.32949799
1616047260000,58942.5,5.18645855
1616047320000,58949.2,3.04480152
1616047380000,58921.4,1.31388657
1616047440000,58882.6,5.29381363
1616047500000,58920.2,4.97713593
1616047560000,58898.3,5.79686127
1616047620000,58869.6,7.13966087
1616047680000,58859.4,2.82501931
1616047740000,58781.6,13.58020652
1616047800000,58747.1,9.6574702
1616047860000,58717.7,7.57832461
1616047920000,58764.9,3.39637805
1616047980000,58764.8,3.3961057
1616048040000,58795.5,7.14539359
1616048100000,58747.6,10.22699
1616048160000,58749.0,4.68928494
1616048220000,58735.3,2.7450929
1616048280000,58688.2,7.80496358
1616048340000,58709.8,6.87054058
1616048400000,58721.7,1.86633017
1616048460000,58727.1,8.53713722
1616048520000,58721.1,2.16136856
1616048580000,58749.9,9.69229273
1616048640000,58795.9,1.99257844
1616048700000,58839.7,2.78693116
1616048760000,58833.8,0.76047777
1616048820000,58813.0,2.18182845
1616048880000,58767.5,2.4403294
1616048940000,58720.1,4.38370382
1616049000000,58785.4,1.27518
1616049060000,58775.0,2.82902493
1616049120000,58822.4,5.93328234
1616049180000,58831.3,3.8489651
1616049240000,58842.5,2.76235515
1616049300000,58847.9,2.03714529
1616049360000,58872.7,0.38620697
1616049420000,58881.0,0.89733027
1616049480000,58881.3,2.6717211
1616049540000,58841.0,14.17324617
1616049600000,58897.7,2.77949227
1616049660000,58807.1,4.27300425
1616049720000,58849.8,3.61740552
1616049780000,58841.9,1.05567621
1616049840000,58797.1,7.78449498
1616049900000,58843.0,4.39123675
1616049960000,58906.6,4.35281546
1616050020000,58920.0,6.65826197
1616050080000,58872.6,4.39623839
1616050140000,58889.4,1.79122128
1616050200000,58902.4,1.07769205
1616050260000,58882.8,4.13206582
1616050320000,58855.9,4.90374939
1616050380000,58880.9,5.99052461
1616050440000,58874.4,4.41108369
1616050500000,59054.5,28.52124063
1616050560000,59018.0,7.863780800000002
1616050620000,58976.9,4.77961067
1616050680000,58936.5,7.28215978
1616050740000,58918.5,1.77062157
1616050800000,58873.3,4.18838039
1616050860000,58873.2,2.55516416
1616050920000,58819.4,5.07728027
1616050980000,58835.5,3.54876841
1616051040000,58847.7,8.15506078
1616051100000,58815.3,1.81467541
1616051160000,58792.5,1.96273673
1616051220000,58817.5,5.65220582
1616051280000,58800.7,3.19870244
1616051340000,58743.9,32.7791106
1616051400000,58764.3,8.894673800000003
1616051460000,58803.6,2.31853475
1616051520000,58803.8,2.57278018
1616051580000,58754.8,5.90625453
1616051640000,58716.3,12.74238274
1616051700000,58678.0,9.9501658
1616051760000,58686.2,3.43740287
1616051820000,58669.9,5.09149662
1616051880000,58720.4,18.34924383
1616051940000,58644.4,11.727588699999998
1616052000000,58768.1,15.54067887
1616052060000,58677.1,7.3975375
1616052120000,58624.2,4.31142553
1616052180000,58528.2,24.8954005
1616052240000,58510.1,7.3687217
1616052300000,58450.0,17.85630542
1616052360000,58388.9,10.58705523
1616052420000,58379.9,14.08766678
1616052480000,58378.9,6.43948567
1616052540000,58519.7,28.0695293
1616052600000,58459.7,9.58082896
1616052660000,58414.8,12.96708018
1616052720000,58416.8,6.03514559
1616052780000,58472.3,5.56127793
1616052840000,58461.1,6.18724609
1616052900000,58468.4,8.76357429
1616052960000,58388.1,12.68380094
1616053020000,58319.6,13.35362081
1616053080000,58369.1,3.85865283
1616053140000,58386.9,8.45717347
1616053200000,58356.9,8.54629088
1616053260000,58326.4,5.58232068
1616053320000,58305.6,14.66035273
1616053380000,58217.9,13.32524245
1616053440000,58148.3,15.00158987
1616053500000,58266.3,15.06807817
1616053560000,58227.8,9.30080957
1616053620000,58315.1,8.09397008
1616053680000,58276.0,6.87897632
1616053740000,58267.5,5.95282421
1616053800000,58249.8,7.96601069
1616053860000,58310.9,7.17456362
1616053920000,58264.0,10.49630732
1616053980000,58329.4,3.91074021
1616054040000,58366.0,3.36468237
1616054100000,58347.6,5.80745643
1616054160000,58335.4,8.88688641
1616054220000,58337.7,8.67208034
1616054280000,58366.0,1.75263731
1616054340000,58352.1,9.47146811
1616054400000,58428.8,9.96340134
1616054460000,58431.2,17.90482732
1616054520000,58433.9,2.20985599
1616054580000,58394.5,7.68152307
1616054640000,58292.0,10.50249244
1616054700000,58302.0,4.96311287
1616054760000,58384.9,2.06218019
1616054820000,58400.5,9.22394103
1616054880000,58418.4,14.66787602
1616054940000,58430.7,1.74935045
1616055000000,58474.1,2.01050917
1616055060000,58441.1,8.65653249
1616055120000,58490.9,3.72726509
1616055180000,58456.7,4.45535963
1616055240000,58440.3,4.44836317
1616055300000,58467.1,3.18814408
1616055360000,58501.5,7.11161874
1616055420000,58476.1,4.94893217
1616055480000,58417.2,3.90588732
1616055540000,58340.0,3.77319059
1616055600000,58228.2,18.2295865
1616055660000,58281.5,9.4934699
1616055720000,58377.5,3.63705053
1616055780000,58443.4,3.75429482
1616055840000,58470.6,4.61168819
1616055900000,58433.1,4.21408504
1616055960000,58445.7,5.04403013
1616056020000,58345.8,6.65937861
1616056080000,58369.4,4.20200488
1616056140000,58347.1,1.93021184
1616056200000,58418.0,4.89306703
1616056260000,58393.0,5.36028623
1616056320000,58386.3,2.56203416
1616056380000,58395.3,1.68422116
1616056440000,58429.0,5.13874541
1616056500000,58471.2,2.99902212
1616056560000,58399.8,1.15588938
1616056620000,58329.9,3.52908583
1616056680000,58302.1,4.46369965
1616056740000,58369.3,2.81999179
1616056800000,58360.0,1.92236464
1616056860000,58281.9,4.60551776
1616056920000,58272.7,19.31338622
1616056980000,58105.9,20.00919401
1616057040000,58213.2,15.09215732
1616057100000,58317.0,9.91680828
1616057160000,58175.5,9.10715674
1616057220000,58072.5,9.98553996
1616057280000,58057.6,13.13358944
1616057340000,58096.3,4.97624425
1616057400000,58049.8,6.43283814
1616057460000,57989.1,12.03716523
1616057520000,58041.1,14.08215095
1616057580000,58061.1,11.32248059
1616057640000,58039.8,8.16813031
1616057700000,57985.2,3.56314054
1616057760000,58047.0,4.03044592
1616057820000,58030.2,4.52748712
1616057880000,58003.1,1.65566002
1616057940000,58009.2,2.00555082
1616058000000,58086.3,9.76384767
1616058060000,58141.3,3.02792652
1616058120000,58233.8,17.26418704
1616058180000,58151.2,10.5245104
1616058240000,58170.8,3.1849591
1616058300000,58159.7,17.99900487
1616058360000,58085.1,2.63824163
1616058420000,58064.6,1.85532282
1616058480000,58075.0,0.46646102
1616058540000,58028.8,0.54115356
1616058600000,58111.2,3.724555000000001
1616058660000,58133.9,15.79216421
1616058720000,58145.2,2.43103373
1616058780000,58152.0,0.8714904
1616058840000,58151.3,0.44450678
1616058900000,58120.2,3.53773097
1616058960000,58061.5,15.35983897
1616059020000,58123.7,4.17399159
1616059080000,58153.5,5.49358398
1616059140000,58186.7,4.23148951
1616059200000,58221.1,4.27014732
1616059260000,58357.8,30.39147697
1616059320000,58286.3,16.05928499
1616059380000,58250.7,6.12278009
1616059440000,58267.2,8.83695535
1616059500000,58243.1,4.52278496
1616059560000,58236.8,6.11478657
1616059620000,58305.1,6.83928238
1616059680000,58245.9,12.25737065
1616059740000,58222.2,5.65327254
1616059800000,58296.9,3.94363892
1616059860000,58326.0,4.83745296
1616059920000,58342.5,4.2538198
1616059980000,58363.1,7.30658225
1616060040000,58359.5,4.41122931
1616060100000,58381.1,2.10365968
1616060160000,58346.1,7.87038364
1616060220000,58376.4,0.99871534
1616060280000,58405.1,6.99157715
1616060340000,58436.8,5.6133851
1616060400000,58444.2,1.59382039
1616060460000,58482.6,2.14359112
1616060520000,58405.1,5.94600575
1616060580000,58365.9,5.53047923
1616060640000,58427.4,5.82213523
1616060700000,58416.3,1.77283378
1616060760000,58368.1,4.24418812
1616060820000,58351.3,3.11093656
1616060880000,58358.1,3.97808287
1616060940000,58366.0,5.76762016
1616061000000,58350.1,1.11372665
1616061060000,58409.9,4.41082774
1616061120000,58405.2,1.63820954
1616061180000,58455.0,1.12383834
1616061240000,58431.1,6.69701188
1616061300000,58418.6,1.63489509
1616061360000,58379.0,2.46872495
1616061420000,58345.5,10.18247983
1616061480000,58407.9,4.35309747
1616061540000,58413.5,1.21731864
1616061600000,58414.3,1.59043649
1616061660000,58362.0,3.8692432
1616061720000,58326.8,2.63568462
1616061780000,58367.4,3.41007896
1616061840000,58357.3,13.99319096
1616061900000,58383.9,31.40398541
1616061960000,58452.0,4.43054122
1616062020000,58598.1,14.65577592
1616062080000,58606.1,11.47530301
1616062140000,58592.2,8.38041664
1616062200000,58556.9,7.19112097
1616062260000,58526.4,3.6191159
1616062320000,58543.2,1.76111989
1616062380000,58514.6,5.75309964
1616062440000,58493.8,2.74357264
1616062500000,58428.2,2.30278001
1616062560000,58433.4,2.44202812
1616062620000,58415.5,1.39380227
1616062680000,58439.8,1.67063399
1616062740000,58435.3,2.25711333
1616062800000,58416.1,3.04464364
1616062860000,58302.2,6.55963181
1616062920000,58270.7,12.647391
1616062980000,58293.9,9.63224067
1616063040000,58302.1,1.77296734
1616063100000,58280.6,5.17838634
1616063160000,58307.2,5.34220118
1616063220000,58314.8,2.65295867
1616063280000,58387.4,3.8938745
1616063340000,58373.3,3.68759812
1616063400000,58387.3,2.17625521
1616063460000,58444.2,9.23847889
1616063520000,58506.9,4.58013388
1616063580000,58495.9,4.43075199
1616063640000,58555.4,1.92607077
1616063700000,58537.4,1.85274517
1616063760000,58502.3,3.45991565
1616063820000,58426.9,2.44198434
1616063880000,58463.9,5.09965525
1616063940000,58432.7,1.41036439
1616064000000,58463.5,4.88806941
1616064060000,58451.0,4.12346067
1616064120000,58431.5,0.49020294
1616064180000,58424.3,0.74693921
1616064240000,58456.0,2.34544934
1616064300000,58404.4,4.20313098
1616064360000,58340.7,2.91612576
1616064420000,58402.1,5.41480364
1616064480000,58413.5,0.93497222
1616064540000,58409.7,1.05799063
1616064600000,58419.9,1.67225952
1616064660000,58439.1,3.61719758
1616064720000,58465.6,2.34759152
1616064780000,58529.7,1.99846159
1616064840000,58531.2,1.92122669
1616064900000,58530.1,1.73456907
1616064960000,58581.8,5.24276315
1616065020000,58542.5,4.57955102
1616065080000,58513.7,9.12202839
1616065140000,58516.1,2.97194339
1616065200000,58490.9,8.2639045
1616065260000,58522.0,4.18392443
1616065320000,58507.2,3.87254442
1616065380000,58527.0,3.4443189
1616065440000,58467.5,4.45422122
1616065500000,58531.4,5.09070759
1616065560000,58495.2,3.08714608
1616065620000,58450.1,4.05311855
1616065680000,58464.5,1.93082192
1616065740000,58443.7,2.88491982
1616065800000,58440.3,0.82338379
1616065860000,58401.8,1.51170527
1616065920000,58433.4,1.71868898
1616065980000,58482.0,1.22200191
1616066040000,58445.1,2.5096736
1616066100000,58366.9,8.83626474
1616066160000,58326.1,2.18784096
1616066220000,58310.5,1.68861552
1616066280000,58275.7,3.79022513
1616066340000,58340.8,7.4340272
1616066400000,58209.4,4.73186084
1616066460000,58201.4,4.35673495
1616066520000,58233.0,8.38290278
1616066580000,58256.7,2.14935177
1616066640000,58246.2,3.39703842
1616066700000,58281.3,2.1183343
1616066760000,58289.0,5.5137402
1616066820000,58264.9,2.32021258
1616066880000,58247.7,0.27455901
1616066940000,58249.3,1.86649452
1616067000000,58254.6,5.72936143
1616067060000,58160.4,9.70529713
1616067120000,58095.3,7.07926099
1616067180000,58054.3,6.46320356
1616067240000,58032.9,5.33014692
1616067300000,58022.2,5.62661114
1616067360000,58032.7,20.23609197
1616067420000,58056.7,8.20298164
1616067480000,58051.8,6.23833442
1616067540000,58114.2,4.25123768
1616067600000,58085.2,10.80586302
1616067660000,58098.8,9.0954864
1616067720000,58080.0,3.68352283
1616067780000,58140.6,10.58495277
1616067840000,58145.9,2.06675467
1616067900000,58131.7,5.47382881
1616067960000,58261.2,6.27549299
1616068020000,58208.2,5.05685033
1616068080000,58170.0,2.62613302
1616068140000,58144.2,2.26823357
1616068200000,58068.0,3.67744471
1616068260000,58046.2,6.78918288
1616068320000,57904.0,14.91122105
1616068380000,57970.3,12.02700663
1616068440000,57998.9,3.5762907
1616068500000,58094.5,14.95876436
1616068560000,58120.4,11.98633364
1616068620000,58154.9,4.39145842
1616068680000,58108.2,2.35741722
1616068740000,58178.8,3.14918557
1616068800000,58162.6,8.61757677
1616068860000,58121.9,8.36575643
1616068920000,58023.6,4.36774011
1616068980000,57999.0,8.6587485
1616069040000,58023.9,1.47704695
1616069100000,57977.1,6.51483632
1616069160000,57912.8,7.51563152
1616069220000,57850.3,8.12439528
1616069280000,57834.4,8.59901915
1616069340000,57861.0,9.20684237
1616069400000,57914.6,5.99074802
1616069460000,57824.7,2.64355635
1616069520000,57786.2,5.43337397
1616069580000,57800.7,6.72265172
1616069640000,57859.6,5.60607161
1616069700000,57852.6,7.05630746
1616069760000,57888.6,5.12528199
1616069820000,57845.5,4.69650326
1616069880000,57748.6,8.4590539
1616069940000,57801.6,24.46473501
1616070000000,57865.5,9.90807329
1616070060000,57865.4,1.17185665
1616070120000,57945.0,10.37911511
1616070180000,57866.6,8.53828192
1616070240000,57775.8,38.61574549
1616070300000,57809.4,6.86489241
1616070360000,57810.7,9.39818274
1616070420000,57767.2,8.3149792
1616070480000,57729.7,5.8589695
1616070540000,57789.8,4.06564963
1616070600000,57687.6,14.20686451
1616070660000,57623.9,11.35772175
1616070720000,57623.6,8.41454042
1616070780000,57601.7,17.97824636
1616070840000,57726.1,4.65744699
1616070900000,57702.5,1.5493629999999998
1616070960000,57890.0,5.97332636
1616071020000,57817.9,15.48613282
1616071080000,57877.6,5.94810726
1616071140000,57828.0,6.07206495
1616071200000,57754.3,4.59555854
1616071260000,57776.9,2.16918072
1616071320000,57773.1,0.8976969000000001
1616071380000,57791.8,4.02729181
1616071440000,57860.8,6.05978745
1616071500000,57850.1,4.3823945
1616071560000,57855.0,2.2245436
1616071620000,57855.7,3.07191089
1616071680000,57920.1,1.93648856
1616071740000,57934.8,3.39453688
1616071800000,57970.4,4.69092897
1616071860000,58074.0,7.51460493
1616071920000,58062.9,8.62741318
1616071980000,58034.1,3.29909073
1616072040000,58012.3,1.78759637
1616072100000,57957.4,3.42913836
1616072160000,58076.0,6.5927232
1616072220000,58092.0,4.58370308
1616072280000,58051.6,9.17735807
1616072340000,58063.5,5.16085526
1616072400000,58104.6,8.470645699999999
1616072460000,58082.9,11.86505206
1616072520000,58079.6,2.84858822
1616072580000,58098.7,3.82430031
1616072640000,58065.6,6.99948887
1616072700000,58082.4,5.4581087
1616072760000,58005.9,5.53137836
1616072820000,58021.8,10.27408624
1616072880000,57999.6,4.29373801
1616072940000,57973.1,2.78068238
1616073000000,57954.5,1.99342783
1616073060000,57999.9,4.61359697
1616073120000,57986.7,3.76204206
1616073180000,57989.9,2.77389996
1616073240000,58033.3,4.8725301
1616073300000,57945.1,6.82010024
1616073360000,57887.2,3.47244456
1616073420000,57958.1,9.80176381
1616073480000,58102.0,1.78969051
1616073540000,58030.6,6.39795589
1616073600000,58079.1,5.0660189
1616073660000,58066.4,1.32713435
1616073720000,58073.6,2.35590989
1616073780000,58099.9,0.69656419
1616073840000,58163.2,4.42099973
1616073900000,58146.4,1.57730895
1616073960000,58161.6,6.31475528
1616074020000,58114.0,6.80927789
1616074080000,58150.0,3.36763755
1616074140000,58130.9,3.51970748
1616074200000,58098.4,11.54954319
1616074260000,58059.9,5.94249561
1616074320000,58080.9,7.63186305
1616074380000,58054.2,2.20715549
1616074440000,58013.0,5.82827087
1616074500000,57968.2,3.4845182999999995
1616074560000,58026.5,5.89882786
1616074620000,58003.9,1.73427978
1616074680000,57960.1,6.18297394
1616074740000,58005.9,4.85769766
1616074800000,57957.0,1.09579936
1616074860000,58000.0,4.56715833
1616074920000,58035.3,4.40557391
1616074980000,58089.4,2.80735287
1616075040000,58087.7,4.50487844
1616075100000,57990.7,2.15090714
1616075160000,57933.2,2.48345307
1616075220000,57819.1,6.5736682
1616075280000,57819.8,8.97577515
1616075340000,57886.8,6.15492873
1616075400000,57813.9,5.03226071
1616075460000,57869.2,4.45427423
1616075520000,57870.3,6.6147777
1616075580000,57879.1,9.64007013
1616075640000,57847.0,2.6825481
1616075700000,57872.0,8.55724133
1616075760000,57896.5,1.45289367
1616075820000,57923.1,1.50177433
1616075880000,57871.5,4.7116405
1616075940000,57849.3,4.77209673
1616076000000,57793.6,20.75682207
1616076060000,57821.9,6.56076774
1616076120000,57869.6,4.32196707
1616076180000,57944.9,5.56230777
1616076240000,57985.9,2.43890173
1616076300000,57974.5,10.79855049
1616076360000,57994.7,5.81537197
1616076420000,57966.0,4.86964544
1616076480000,57940.4,4.21242991
1616076540000,57926.7,3.35265345
1616076600000,57858.7,1.03919492
1616076660000,57742.3,7.75861338
1616076720000,57651.5,33.80690171
1616076780000,57692.8,21.48981046
1616076840000,57741.0,6.11268367
1616076900000,57574.3,12.57080259
1616076960000,57605.5,8.98960313
1616077020000,57625.1,11.43638681
1616077080000,57734.1,9.92765774
1616077140000,57666.0,8.37237956
1616077200000,57656.8,4.65309286
1616077260000,57680.0,2.24948149
1616077320000,57692.3,3.19970905
1616077380000,57708.0,4.88456406
1616077440000,57770.9,6.09185339
1616077500000,57765.9,7.73849838
1616077560000,57814.2,10.38373125
1616077620000,57871.8,3.14544207
1616077680000,57874.2,6.73186423
1616077740000,57883.9,3.90859014
1616077800000,57792.3,4.34088477
1616077860000,57761.2,10.19447576
1616077920000,57720.9,6.6164017999999984
1616077980000,57659.3,4.02419309
1616078040000,57697.0,5.02025669
1616078100000,57661.3,4.25416108
1616078160000,57772.6,7.16481883
1616078220000,57881.8,1.40741881
1616078280000,57872.1,8.37148352
1616078340000,57918.3,3.85312707
1616078400000,57936.4,8.38951518
1616078460000,58009.5,14.02545294
1616078520000,57960.0,2.7288133
1616078580000,57945.1,3.94955747
1616078640000,57866.1,11.68682435
1616078700000,57817.9,3.28199978
1616078760000,57782.4,4.28167344
1616078820000,57794.8,4.16184827
1616078880000,57784.8,3.93113081
1616078940000,57799.9,4.90860202
1616079000000,57685.2,9.65113123
1616079060000,57652.2,13.38685927
1616079120000,57718.0,4.72725195
1616079180000,57745.5,4.29291109
1616079240000,57808.5,5.01971731
1616079300000,57919.7,4.76926807
1616079360000,57905.6,3.66215415
1616079420000,57837.4,4.72089041
1616079480000,57917.2,2.65705854
1616079540000,57870.0,12.66985787
1616079600000,57735.3,13.93256355
1616079660000,57737.5,12.63666845
1616079720000,57868.5,12.51873012
1616079780000,57943.6,7.20314075
1616079840000,57974.1,14.72133703
1616079900000,57970.3,4.10420729
1616079960000,57983.0,3.83307326
1616080020000,58038.6,8.29041845
1616080080000,58055.2,7.22292707
1616080140000,57993.9,14.84995774
1616080200000,58041.2,5.48566994
1616080260000,57992.2,3.53196844
1616080320000,58041.1,2.49876946
1616080380000,58075.3,5.55605338
1616080440000,58111.3,5.8975782
1616080500000,58056.8,3.12624087
1616080560000,58011.1,1.55270139
1616080620000,57993.2,7.75060984
1616080680000,58095.0,6.310291
1616080740000,58103.8,2.90227925
1616080800000,58105.8,3.44099393
1616080860000,58325.8,19.99116107
1616080920000,58343.3,27.97886499
1616080980000,58403.0,17.54214478
1616081040000,58477.6,20.27624294
1616081100000,58431.6,13.42466868
1616081160000,58406.7,8.99909762
1616081220000,58374.0,5.49326773
1616081280000,58388.2,5.33461536
1616081340000,58376.8,2.3100069
1616081400000,58527.9,14.33140117
1616081460000,58548.9,12.9534637
1616081520000,58582.1,4.65137931
1616081580000,58583.7,14.75958245
1616081640000,58683.0,26.75168999
1616081700000,58644.2,9.11166479
1616081760000,58785.7,9.55140532
1616081820000,58830.3,11.54568322
1616081880000,58810.1,35.2958516
1616081940000,58775.9,6.59136916
1616082000000,58841.6,9.43842891
1616082060000,58888.8,18.4762281
1616082120000,58932.9,13.55161027
1616082180000,59035.1,25.97060986
1616082240000,59020.9,22.62351436
1616082300000,59250.0,25.66533977
1616082360000,59479.6,68.0921223
1616082420000,59406.5,53.97478107
1616082480000,59290.4,13.45294675
1616082540000,59407.9,13.88039257
1616082600000,59499.4,59.41046832
1616082660000,59532.5,15.98056824
1616082720000,59444.7,10.11940309
1616082780000,59371.5,37.31972893
1616082840000,59354.0,12.16829702
1616082900000,59250.0,10.67114145
1616082960000,59269.6,23.45071394
1616083020000,59453.4,20.19220144
1616083080000,59442.5,9.30275073
1616083140000,59535.8,16.73286595
1616083200000,59773.5,39.22046493
1616083260000,59717.6,47.5305124
1616083320000,59806.9,79.03400956
1616083380000,59843.0,32.65920333
1616083440000,59841.7,18.52494031
1616083500000,59656.7,20.27986922
1616083560000,59785.6,10.40264416
1616083620000,59649.5,23.32751088
1616083680000,59503.3,11.90253804
1616083740000,59481.3,27.35851482
1616083800000,59709.0,14.4073284
1616083860000,59613.7,18.9396105
1616083920000,59592.6,7.39174763
1616083980000,59604.9,6.01687887
1616084040000,59639.2,5.44661351
1616084100000,59657.7,11.4277176
1616084160000,59777.6,11.70484406
1616084220000,59726.8,15.66114476
1616084280000,59734.0,6.01545832
1616084340000,59764.0,5.24239784
1616084400000,59740.1,8.73760894
1616084460000,59731.6,7.44969908
1616084520000,59729.7,6.60701039
1616084580000,59706.8,12.41884926
1616084640000,59760.2,8.32777204
1616084700000,59754.5,5.88780966
1616084760000,59770.3,6.57431858
1616084820000,59752.0,6.77096705
1616084880000,59720.0,4.10623709
1616084940000,59802.5,12.26321851
1616085000000,59703.7,6.04797095
1616085060000,59636.9,14.231899300000002
1616085120000,59698.9,10.09545327
1616085180000,59745.4,7.40579451
1616085240000,59756.4,10.75083369
1616085300000,59769.1,3.85994008
1616085360000,59830.9,10.83246246
1616085420000,59892.5,12.00489366
1616085480000,60116.4,107.59037374
1616085540000,59961.8,38.95117385
1616085600000,59727.8,54.0962654
1616085660000,59853.5,39.79877459
1616085720000,59830.6,6.04956914
1616085780000,59740.8,20.88476996
1616085840000,59761.2,6.94538435
1616085900000,59720.1,16.70193683
1616085960000,59710.0,4.20604749
1616086020000,59627.4,6.43493594
1616086080000,59715.2,4.18311145
1616086140000,59663.8,2.54403209
1616086200000,59580.6,9.82714321
1616086260000,59585.3,10.22642064
1616086320000,59455.8,17.69108509
1616086380000,59453.2,12.21164825
1616086440000,59493.4,6.4573395
1616086500000,59363.7,11.39609884
1616086560000,59253.7,36.47793711
1616086620000,59149.8,23.96602493
1616086680000,59165.6,14.41492291
1616086740000,59092.3,14.28334678
1616086800000,59195.0,23.40389176
1616086860000,59293.4,10.39595963
1616086920000,59325.9,7.48564597
1616086980000,59264.1,14.24377888
1616087040000,59285.7,7.97618568
1616087100000,59314.7,3.73649346
1616087160000,59324.8,4.46208824
1616087220000,59322.0,5.49250749
1616087280000,59285.7,5.90119053
1616087340000,59269.3,5.09941815
1616087400000,59302.1,3.23455325
1616087460000,59332.9,7.59274974
1616087520000,59369.0,8.03746178
1616087580000,59388.9,5.89175185
1616087640000,59439.0,9.53580701
1616087700000,59409.4,6.99743606
1616087760000,59390.8,4.91347778
1616087820000,59322.6,2.6446773
1616087880000,59386.4,8.28195175
1616087940000,59398.9,4.22655544
1616088000000,59435.8,3.88840051
1616088060000,59398.7,4.53718239
1616088120000,59393.3,1.55474514
1616088180000,59409.9,6.82151323
1616088240000,59444.1,7.98999977
1616088300000,59405.0,1.55707113
1616088360000,59435.3,1.43845942
1616088420000,59386.7,1.45804771
1616088480000,59411.2,4.55825863
1616088540000,59400.0,1.65634493
1616088600000,59317.9,2.17263898
1616088660000,59288.2,3.19982563
1616088720000,59326.0,2.14157046
1616088780000,59272.4,2.14882809
1616088840000,59275.8,3.02407262
1616088900000,59250.1,4.78045713
1616088960000,59225.5,4.65313457
1616089020000,59147.0,4.3321023
1616089080000,59178.8,5.46304662
1616089140000,59297.1,12.836591699999998
1616089200000,59357.8,5.04314168
1616089260000,59298.3,6.68596848
1616089320000,59283.1,3.5253556000000006
1616089380000,59348.1,3.24772927
1616089440000,59330.0,0.95399568
1616089500000,59316.8,3.11400464
1616089560000,59273.6,4.98960901
1616089620000,59233.4,0.96377511
1616089680000,59182.4,5.14562589
1616089740000,59251.1,25.36655414
1616089800000,59370.3,24.56427543
1616089860000,59280.0,4.34184502
1616089920000,59307.0,4.19539862
1616089980000,59260.9,3.7963194
1616090040000,59303.0,2.3747055
1616090100000,59279.3,3.02559583
1616090160000,59272.3,1.25162155
1616090220000,59353.1,3.75072119
1616090280000,59292.4,4.71590834
1616090340000,59246.3,1.47391015
1616090400000,59267.8,4.04730098
1616090460000,59265.4,3.96875015
1616090520000,59236.7,1.50252757
1616090580000,59269.9,4.25133955
1616090640000,59207.3,5.32064609
1616090700000,59212.0,1.22201142
1616090760000,59279.2,4.50664423
1616090820000,59203.1,5.76518915
1616090880000,59131.1,5.36827899
1616090940000,59053.5,7.09587711
1616091000000,58951.9,25.33427997
1616091060000,58796.0,13.14928326
1616091120000,58847.9,8.57408754
1616091180000,58778.8,3.72751642
1616091240000,58762.4,4.26736516
1616091300000,58628.9,12.05275651
1616091360000,58812.3,14.06356477
1616091420000,58781.1,3.71225474
1616091480000,58746.0,8.03288152
1616091540000,58780.1,1.82218705
1616091600000,58642.9,8.85144798
1616091660000,58693.7,7.5717482
1616091720000,58686.2,2.70730783
1616091780000,58724.9,0.53061314
1616091840000,58723.1,2.5921171000000003
1616091900000,58783.7,4.95103409
1616091960000,58739.6,1.71585896
1616092020000,58722.8,0.92328961
1616092080000,58523.9,12.08513546
1616092140000,58521.2,14.17381882
1616092200000,58649.3,5.03434854
1616092260000,58694.0,3.79955575
1616092320000,58630.4,3.98744051
1616092380000,58553.0,5.61393565
1616092440000,58436.8,15.3773256
1616092500000,58419.0,14.78088406
1616092560000,58407.0,2.64861947
1616092620000,58427.8,10.39805676
1616092680000,58535.9,4.37025859
1616092740000,58534.6,3.13870234
1616092800000,58531.0,8.18493749
1616092860000,58448.7,6.64572484
1616092920000,58389.4,9.43006612
1616092980000,58239.8,15.52094118
1616093040000,58248.9,12.53974043
1616093100000,58164.7,8.75835029
1616093160000,58077.9,10.94606017
1616093220000,58143.0,8.65001018
1616093280000,58163.7,10.20586199
1616093340000,58215.6,3.3816342000000006
1616093400000,58074.7,5.6390715999999985
1616093460000,58054.2,12.12673614
1616093520000,58212.1,4.95016528
1616093580000,58252.1,5.21918031
1616093640000,58265.9,2.01945836
1616093700000,58334.4,5.68031952
1616093760000,58333.9,4.14331838
1616093820000,58355.6,5.63514318
1616093880000,58242.9,6.68961978
1616093940000,58218.1,2.58295805
1616094000000,58240.6,3.64663669
1616094060000,58197.7,2.19434224
1616094120000,58169.4,5.29451861
1616094180000,58263.6,3.5492237
1616094240000,58267.5,4.62851713
1616094300000,58272.8,17.61408933
1616094360000,58365.4,3.14696635
1616094420000,58338.0,4.85382055
1616094480000,58370.7,2.23100377
1616094540000,58404.1,1.35889724
1616094600000,58291.8,3.52775675
1616094660000,58267.5,2.00069526
1616094720000,58209.3,5.35476662
1616094780000,58022.6,17.15700771
1616094840000,57985.7,8.17441342
1616094900000,57990.0,7.59239893
1616094960000,57829.0,19.943535600000004
1616095020000,57789.9,7.33676145
1616095080000,57860.8,7.42624518
1616095140000,57788.3,4.82808034
1616095200000,57926.0,3.05071157
1616095260000,57935.0,4.12076245
1616095320000,57919.2,2.70740882
1616095380000,57981.7,21.20494334
1616095440000,58020.6,2.38973156
1616095500000,57920.3,3.12333683
1616095560000,57860.1,5.05109691
1616095620000,57923.8,4.28073688
1616095680000,57955.4,2.69193024
1616095740000,57986.2,2.18221883
1616095800000,57925.0,5.46491468
1616095860000,57856.0,1.98330447
1616095920000,57906.0,2.60046919
1616095980000,57988.0,4.53417647
1616096040000,57946.4,7.40998917
1616096100000,57901.8,4.48219816
1616096160000,57843.8,2.28469613
1616096220000,57902.5,1.26703054
1616096280000,57982.9,1.09081589
1616096340000,57959.7,2.80582158
1616096400000,58090.0,3.32042187
1616096460000,58199.6,6.04398163
1616096520000,58122.5,5.52670735
1616096580000,58160.0,3.80887929
1616096640000,58090.2,2.58429178
1616096700000,58090.3,1.13437347
1616096760000,57980.1,4.27905384
1616096820000,57830.6,4.06293073
1616096880000,57793.5,10.65659988
1616096940000,57719.5,10.04204438
1616097000000,57656.9,8.04448452
1616097060000,57666.3,7.70982991
1616097120000,57601.0,18.20100238
1616097180000,57356.0,54.36086685
1616097240000,57404.7,36.70940315
1616097300000,57425.0,10.29031011
1616097360000,57389.2,24.08624636
1616097420000,57433.0,10.95666452
1616097480000,57351.2,19.67407044
1616097540000,57299.8,8.00386254
1616097600000,57083.1,63.71620546
1616097660000,57250.1,24.75257791
1616097720000,57379.9,15.73003832
1616097780000,57461.4,4.7105695
1616097840000,57514.9,8.53194912
1616097900000,57458.9,7.14085033
1616097960000,57572.3,4.15842217
1616098020000,57645.5,2.56257679
1616098080000,57664.0,4.0733637
1616098140000,57658.5,2.66286465
1616098200000,57671.7,2.31631507
1616098260000,57587.0,7.78549641
1616098320000,57627.9,3.50601282
1616098380000,57596.5,1.43216261
1616098440000,57717.2,7.37723474
1616098500000,57590.0,2.53568534
1616098560000,57465.7,13.83914685
1616098620000,57527.5,4.37248456
1616098680000,57547.5,2.13511849
1616098740000,57523.1,2.04778845
1616098800000,57526.2,5.17611261
1616098860000,57483.3,6.54812783
1616098920000,57535.4,1.51683433
1616098980000,57514.3,4.7364426
1616099040000,57560.7,7.42310506
1616099100000,57594.6,0.08558433
1616099160000,57597.4,0.89060804
1616099220000,57642.7,0.96185298
1616099280000,57640.1,1.73198446
1616099340000,57682.1,4.20559224
1616099400000,57682.0,6.49668784
1616099460000,57605.5,5.22100047
1616099520000,57783.5,2.78088717
1616099580000,57761.7,5.27301284
1616099640000,57789.4,4.73169841
1616099700000,57787.6,1.6175377
1616099760000,57856.7,6.32911082
1616099820000,57772.1,1.46983343
1616099880000,57815.7,1.6963671000000002
1616099940000,57751.3,7.83868437
1616100000000,57690.3,4.02383483
1616100060000,57645.0,3.47544577
1616100120000,57625.8,5.64888181
1616100180000,57579.7,2.94760862
1616100240000,57608.5,3.97793509
1616100300000,57510.4,5.39768153
1616100360000,57563.3,3.61921013
1616100420000,57548.6,4.9331342000000005
1616100480000,57570.8,1.68759998
1616100540000,57661.4,5.23684371
1616100600000,57670.0,0.74988595
1616100660000,57620.0,1.37959819
1616100720000,57530.1,3.22744853
1616100780000,57602.7,0.98009885
1616100840000,57632.9,2.68804382
1616100900000,57594.4,1.36145575
1616100960000,57513.1,4.26124934
1616101020000,57479.5,1.74378902
1616101080000,57544.4,2.99153733
1616101140000,57501.0,0.48678078
1616101200000,57470.4,3.75402627
1616101260000,57567.4,3.64787853
1616101320000,57714.2,1.63911709
1616101380000,57727.0,1.52201837
1616101440000,57646.2,3.13243789
1616101500000,57777.2,5.19305313
1616101560000,57726.1,1.79063916
1616101620000,57740.5,0.35554297
1616101680000,57783.5,0.42807551
1616101740000,57885.4,2.09157061
1616101800000,57895.6,4.15593455
1616101860000,57850.1,2.37200347
1616101920000,57782.8,1.49792984
1616101980000,57747.0,2.2568808
1616102040000,57690.3,3.19758314
1616102100000,57753.5,1.62746359
1616102160000,57818.8,1.40442696
1616102220000,57860.2,0.79001778
1616102280000,57722.2,2.63769971
1616102340000,57716.4,0.19318133
1616102400000,57747.1,0.60907878
1616102460000,57791.2,3.1877336
1616102520000,57789.9,2.58630299
1616102580000,57783.2,0.41597087
1616102640000,57787.7,0.23384638
1616102700000,57759.0,0.86422187
1616102760000,57684.6,1.09368761
1616102820000,57689.2,0.55356679
1616102880000,57766.8,9.86078907
1616102940000,57746.7,1.68769233
1616103000000,57733.3,1.02688725
1616103060000,57688.0,2.09482527
1616103120000,57696.0,0.67565792
1616103180000,57734.5,1.01886956
1616103240000,57840.1,1.68154357
1616103300000,57823.2,0.34054038
1616103360000,57676.4,3.18171936
1616103420000,57778.3,1.87861263
1616103480000,57762.1,0.16935751
1616103540000,57721.0,0.31434049
1616103600000,57766.1,0.67987776
1616103660000,57807.9,0.52128258
1616103720000,57777.0,1.3772892
1616103780000,57754.7,0.76639707
1616103840000,57730.0,1.44851572
1616103900000,57765.1,0.97089392
1616103960000,57852.3,1.24319057
1616104020000,57954.0,5.83945312
1616104080000,57914.3,0.84225363
1616104140000,57961.9,0.71954107
1616104200000,57942.4,0.84105108
1616104260000,57881.5,3.33041343
1616104320000,57926.2,0.85481852
1616104380000,57892.7,1.0277054
1616104440000,57845.8,1.00739371
1616104500000,57807.5,3.97227516
1616104560000,57821.6,0.69815127
1616104620000,57891.8,1.0264214
1616104680000,57887.2,0.9991844
1616104740000,57907.7,0.53979486
1616104800000,57907.9,1.1000662
1616104860000,57908.7,1.34844639
1616104920000,57983.9,1.15127196
1616104980000,58058.6,2.75922936
1616105040000,58122.2,7.935773299999998
1616105100000,58034.5,4.04493741
1616105160000,58052.6,1.28941931
1616105220000,57974.7,2.54086345
1616105280000,57967.5,3.02624485
1616105340000,57985.4,1.74360609
1616105400000,58008.7,1.30402558
1616105460000,57985.4,5.21219862
1616105520000,57974.0,0.96286582
1616105580000,58049.9,1.08401934
1616105640000,58079.4,2.41290413
1616105700000,57983.5,5.69912813
1616105760000,57855.5,4.02019367
1616105820000,57965.3,5.76383258
1616105880000,57842.5,3.91049395
1616105940000,57677.6,9.83562954
1616106000000,57763.9,5.80198332
1616106060000,57872.4,7.02749363
1616106120000,57899.7,2.29568832
1616106180000,57883.4,11.73762555
1616106240000,57858.1,1.50470824
1616106300000,57816.1,6.04104045
1616106360000,57821.5,2.56310977
1616106420000,57852.1,12.82859541
1616106480000,57809.6,5.62452789
1616106540000,57874.3,4.08811162
1616106600000,57946.0,4.07296816
1616106660000,58022.0,2.06592738
1616106720000,58042.0,4.91511242
1616106780000,57976.1,2.01347404
1616106840000,57909.8,7.66523663
1616106900000,57859.8,3.08169009
1616106960000,57822.8,2.62027235
1616107020000,57907.3,2.8433911
1616107080000,57899.0,1.84289772
1616107140000,57910.6,0.83959018
1616107200000,57909.5,0.9992322
1616107260000,57940.3,1.71948684
1616107320000,57949.1,1.02858503
1616107380000,57961.0,0.4160960999999999
1616107440000,57979.9,1.02714275
1616107500000,57940.4,5.85045135
1616107560000,57930.2,2.2528545
1616107620000,57824.8,3.10366129
1616107680000,57832.8,4.1161816
1616107740000,57832.8,2.08751271
1616107800000,57792.7,2.08929389
1616107860000,57799.8,1.80225964
1616107920000,57863.7,2.257976
1616107980000,57850.4,1.38371202
1616108040000,57889.1,1.74590885
1616108100000,57844.2,0.92226176
1616108160000,57795.2,0.92795973
1616108220000,57788.7,1.56267494
1616108280000,57774.8,1.46307312
1616108340000,57633.4,4.78536445
1616108400000,57774.0,4.2345906
1616108460000,57813.5,1.58606412
1616108520000,57831.9,1.6267558000000002
1616108580000,57857.7,1.17202673
1616108640000,57908.8,2.69826381
1616108700000,57901.8,0.83189999
1616108760000,57927.4,2.27866843
1616108820000,57887.0,11.70457257
1616108880000,57806.6,2.99063832
1616108940000,57789.3,0.83187966
1616109000000,57665.7,1.60555374
1616109060000,57760.1,6.15441904
1616109120000,57747.0,2.06328603
1616109180000,57681.6,3.95202043
1616109240000,57678.1,1.58337465
1616109300000,57762.6,0.61083554
1616109360000,57796.5,9.73835143
1616109420000,57671.1,4.28570556
1616109480000,57661.3,1.3973625
1616109540000,57691.2,3.07641653
1616109600000,57716.7,5.01716153
1616109660000,57666.4,1.67915691
1616109720000,57662.0,0.20198944
1616109780000,57664.3,4.08005907
1616109840000,57670.1,1.48547068
1616109900000,57605.4,7.21209532
1616109960000,57513.5,33.06531789
1616110020000,57510.0,8.1363015
1616110080000,57533.5,9.70326038
1616110140000,57604.0,6.2382558
1616110200000,57673.3,2.40730417
1616110260000,57627.0,3.24504368
1616110320000,57743.7,3.24683995
1616110380000,57796.7,0.88695272
1616110440000,57874.1,2.07104507
1616110500000,57974.4,7.00328777
1616110560000,57961.6,9.62507898
1616110620000,57938.1,4.16478602
1616110680000,57955.8,2.76151968
1616110740000,57900.4,2.39661047
1616110800000,57866.0,2.45399027
1616110860000,57813.1,1.87769423
1616110920000,57729.9,6.25103834
1616110980000,57781.1,1.77372489
1616111040000,57743.5,0.98674288
1616111100000,57690.0,2.26602495
1616111160000,57720.6,1.56474025
1616111220000,57797.6,13.50323313
1616111280000,57843.7,4.37491091
1616111340000,57913.6,1.47716488
1616111400000,57742.8,7.77983944
1616111460000,57742.8,1.85161702
1616111520000,57667.9,1.39642472
1616111580000,57692.2,3.25567776
1616111640000,57683.3,3.0175544
1616111700000,57664.2,2.39537865
1616111760000,57696.0,0.57248585
1616111820000,57721.5,2.48284501
1616111880000,57668.0,2.07637822
1616111940000,57642.8,2.67261456
1616112000000,57569.4,16.18531135
1616112060000,57527.0,14.45790417
1616112120000,57442.0,42.9840995
1616112180000,57522.9,18.64798486
1616112240000,57688.8,12.17154753
1616112300000,57578.0,25.87879584
1616112360000,57580.5,12.67252253
1616112420000,57549.5,8.29070273
1616112480000,57412.9,10.91693715
1616112540000,57411.0,11.02352631
1616112600000,57387.8,8.48820722
1616112660000,57380.1,11.07723993
1616112720000,57373.2,16.62890688
1616112780000,57219.3,16.02315974
1616112840000,57203.0,14.31028999
1616112900000,57113.9,13.64348303
1616112960000,57076.4,13.08522402
1616113020000,56612.3,115.64245057
1616113080000,56701.5,43.21707295
1616113140000,56437.8,45.40474586
1616113200000,56294.1,42.93538659
1616113260000,56342.5,40.9057652
1616113320000,56376.9,31.00620329
1616113380000,56349.9,24.88533282
1616113440000,56419.5,15.14224974
1616113500000,56530.8,16.32384729
1616113560000,56496.4,27.59054201
1616113620000,56599.2,9.43742859
1616113680000,56596.3,9.40094729
1616113740000,56618.1,10.09134561
1616113800000,56446.7,26.88506518
1616113860000,56616.6,11.60140098
1616113920000,56582.0,12.43889596
1616113980000,56709.7,5.57542878
1616114040000,56759.1,7.27738238
1616114100000,56674.4,38.46825025
1616114160000,56682.6,25.85312583
1616114220000,56749.9,5.39851688
1616114280000,56632.3,10.44436516
1616114340000,56683.5,15.23283766
1616114400000,56719.0,10.8740179
1616114460000,56791.4,3.12869971
1616114520000,56791.0,17.2693807
1616114580000,56822.8,8.57711188
1616114640000,56835.6,6.14185071
1616114700000,56793.2,10.7092766
1616114760000,56848.8,11.43959395
1616114820000,56825.4,11.19483562
1616114880000,56845.1,19.95214184
1616114940000,56887.5,8.20957917
1616115000000,56975.1,10.64965625
1616115060000,56901.2,9.28902085
1616115120000,56973.3,9.13456853
1616115180000,56958.0,6.8647543
1616115240000,56908.8,5.33716564
1616115300000,56954.4,2.66829227
1616115360000,56851.6,10.5362156
1616115420000,56863.4,13.08555222
1616115480000,56810.5,13.22502543
1616115540000,56852.3,9.3434166
1616115600000,56744.9,12.31420369
1616115660000,56724.1,20.49228588
1616115720000,56812.3,17.7826215
1616115780000,56837.9,4.88900232
1616115840000,56916.5,4.23390582
1616115900000,57027.8,5.9300995
1616115960000,57026.6,4.71275246
1616116020000,57093.2,7.11687594
1616116080000,57097.4,5.478571400000001
1616116140000,57053.1,21.58814488
1616116200000,57061.8,6.21050089
1616116260000,56984.3,7.47917023
1616116320000,56966.0,3.2784663
1616116380000,57012.0,9.27864173
1616116440000,57033.8,7.23126753
1616116500000,56900.6,8.90568453
1616116560000,56985.6,7.71787805
1616116620000,57026.1,4.72474527
1616116680000,56991.1,7.99552585
1616116740000,56954.3,3.36220515
1616116800000,56957.7,7.06952896
1616116860000,56978.8,6.54215254
1616116920000,56921.9,5.48001976
1616116980000,57003.7,4.56017948
1616117040000,57014.9,8.0273939
1616117100000,57006.8,4.88269697
1616117160000,57004.7,1.66639547
1616117220000,57003.9,2.17764239
1616117280000,57003.6,13.28613338
1616117340000,57035.8,5.26150376
1616117400000,57000.1,2.26393006
1616117460000,56995.7,2.61416719
1616117520000,57034.6,3.84946633
1616117580000,57040.9,2.80408708
1616117640000,57064.1,1.60246382
1616117700000,57027.3,3.09977506
1616117760000,57047.3,18.65649186
1616117820000,57051.7,4.53540502
1616117880000,57094.0,4.35496432
1616117940000,57106.0,9.9734729
1616118000000,57110.1,6.26983709
1616118060000,57184.0,8.26140252
1616118120000,57175.5,7.98107252
1616118180000,57231.9,6.84547226
1616118240000,57216.4,4.21405492
1616118300000,57201.1,9.36846589
1616118360000,57176.5,5.08621082
1616118420000,57214.9,1.75800534
1616118480000,57299.3,29.22639501
1616118540000,57260.6,5.99460724
1616118600000,57199.1,5.9883107
1616118660000,57240.1,10.13085706
1616118720000,57274.4,2.54347021
1616118780000,57267.9,5.21970788
1616118840000,57272.8,2.12608008
1616118900000,57297.9,4.59458116
1616118960000,57356.4,6.3922519
1616119020000,57399.7,7.5453004
1616119080000,57346.6,17.44261163
1616119140000,57399.2,6.24030506
1616119200000,57307.8,13.95198155
1616119260000,57293.9,7.50118366
1616119320000,57331.8,4.10411188
1616119380000,57302.8,1.31015527
1616119440000,57237.2,3.91340543
1616119500000,57244.5,2.40235306
1616119560000,57271.5,0.52729571
1616119620000,57213.5,10.47456527
1616119680000,57243.7,3.59801317
1616119740000,57233.7,2.29012799
1616119800000,57210.1,1.53133761
1616119860000,57248.3,8.88183274
1616119920000,57219.6,3.76654892
1616119980000,57251.5,6.57947182
1616120040000,57252.3,1.31029819
1616120100000,57413.5,6.25630382
1616120160000,57434.3,5.27451063
1616120220000,57337.5,17.82029331
1616120280000,57372.1,9.21831417
1616120340000,57382.1,2.85096745
1616120400000,57404.6,8.078671799999999
1616120460000,57394.0,5.18578327
1616120520000,57395.1,1.64310755
1616120580000,57446.3,9.28333545
1616120640000,57392.0,1.74420034
1616120700000,57421.5,9.02712782
1616120760000,57509.8,13.22521752
1616120820000,57574.4,10.83624314
1616120880000,57508.1,7.70789461
1616120940000,57475.8,7.77564764
1616121000000,57553.5,5.04656844
1616121060000,57629.4,3.39958283
1616121120000,57699.9,13.20956212
1616121180000,57703.4,6.38739472
1616121240000,57676.5,32.59683042
1616121300000,57647.9,7.95391764
1616121360000,57536.8,19.86999943
1616121420000,57516.5,3.28145957
1616121480000,57516.2,9.42109928
1616121540000,57533.1,4.50728943
1616121600000,57521.5,5.77276748
1616121660000,57471.1,6.37898537
1616121720000,57477.9,6.74586316
1616121780000,57410.4,3.79929355
1616121840000,57452.7,3.90326082
1616121900000,57459.5,1.02826055
1616121960000,57519.3,8.03097154
1616122020000,57510.3,3.29466348
1616122080000,57437.8,15.88428366
1616122140000,57481.3,3.78155256
1616122200000,57454.1,4.00044559
1616122260000,57352.2,7.53888484
1616122320000,57332.6,6.92954673
1616122380000,57380.5,7.8367497
1616122440000,57371.8,4.44217182
1616122500000,57387.2,8.55073954
1616122560000,57402.7,4.42445631
1616122620000,57304.8,13.20148402
1616122680000,57318.1,3.53233521
1616122740000,57347.0,6.59357131
1616122800000,57419.5,8.04190234
1616122860000,57434.1,7.18324548
1616122920000,57386.3,3.8057678
1616122980000,57388.6,7.37337663
1616123040000,57366.3,2.71483821
1616123100000,57291.4,6.56477132
1616123160000,57337.1,15.09000744
1616123220000,57395.2,11.8772004
1616123280000,57438.6,2.25623657
1616123340000,57465.4,3.9606747
1616123400000,57409.0,7.30881246
1616123460000,57462.4,3.11436191
1616123520000,57487.2,4.39030395
1616123580000,57540.7,5.25997292
1616123640000,57597.2,13.10083807
1616123700000,57543.2,7.72394439
1616123760000,57500.0,7.53897694
1616123820000,57478.2,4.32669632
1616123880000,57484.9,8.45985318
1616123940000,57480.9,7.7888549
1616124000000,57520.9,7.26369092
1616124060000,57467.9,5.99827686
1616124120000,57471.1,6.40108161
1616124180000,57441.6,4.15548981
1616124240000,57463.1,7.07665096
1616124300000,57542.1,2.63377328
1616124360000,57580.5,15.36404116
1616124420000,57604.1,7.96723927
1616124480000,57566.7,4.00426984
1616124540000,57563.2,4.21008165
1616124600000,57570.0,2.57258456
1616124660000,57522.1,2.9696802000000004
1616124720000,57529.5,2.80601754
1616124780000,57511.1,2.50183993
1616124840000,57522.1,3.81090373
1616124900000,57576.9,5.35548468
1616124960000,57569.9,3.32218091
1616125020000,57568.0,1.02494067
1616125080000,57615.6,7.29139016
1616125140000,57639.1,5.71649096
1616125200000,57703.0,5.67679644
1616125260000,57688.8,3.55904118
1616125320000,57658.1,1.78354317
1616125380000,57685.5,6.40658958
1616125440000,57693.7,3.32953278
1616125500000,57711.2,5.19916124
1616125560000,57707.0,5.08385106
1616125620000,57735.2,12.08048354
1616125680000,57773.7,18.4070577
1616125740000,57882.8,10.04083227
1616125800000,57829.1,13.53201724
1616125860000,57838.9,9.95888037
1616125920000,57808.4,7.74004909
1616125980000,57786.4,2.80662276
1616126040000,57762.3,6.16418058
1616126100000,57770.9,6.22762752
1616126160000,57787.3,4.60257632
1616126220000,57792.6,6.269113099999998
1616126280000,57769.1,8.90870397
1616126340000,57776.2,8.27458477
1616126400000,57805.5,3.35512855
1616126460000,57829.9,5.32828782
1616126520000,57791.9,14.72731549
1616126580000,57813.3,4.57512805
1616126640000,57882.9,15.99033589
1616126700000,57831.0,8.88053075
1616126760000,57730.5,8.85939349
1616126820000,57710.6,6.90752124
1616126880000,57658.0,9.48985835
1616126940000,57656.3,4.03565259
1616127000000,57737.5,7.80083846
1616127060000,57757.4,5.04206663
1616127120000,57726.0,6.40897793
1616127180000,57739.5,4.9050033
1616127240000,57730.4,5.97365302
1616127300000,57756.1,6.60852593
1616127360000,57767.1,2.96595584
1616127420000,57753.6,3.35250699
1616127480000,57745.4,2.94938108
1616127540000,57792.3,4.85253266
1616127600000,57791.0,4.96652551
1616127660000,57750.5,10.22194994
1616127720000,57799.4,1.97747374
1616127780000,57813.8,4.00861643
1616127840000,57808.9,1.82155636
1616127900000,57833.8,6.1650795999999985
1616127960000,57845.7,2.22526567
1616128020000,57936.4,18.47506401
1616128080000,57953.8,11.27300291
1616128140000,57917.6,5.93287558
1616128200000,57948.2,5.67613113
1616128260000,57946.8,3.46984685
1616128320000,57956.5,1.77517067
1616128380000,57836.7,12.33458238
1616128440000,57959.9,9.91549711
1616128500000,58053.5,16.03769504
1616128560000,58077.1,15.13371077
1616128620000,58090.4,16.87413619
1616128680000,58122.0,14.36830089
1616128740000,58194.5,20.30126023
1616128800000,58161.0,9.51955204
1616128860000,58075.8,10.20510364
1616128920000,58065.8,3.39773906
1616128980000,58058.8,5.00104224
1616129040000,58167.2,21.70199799
1616129100000,58111.8,9.91402195
1616129160000,58097.9,6.45674508
1616129220000,58120.8,6.08700212
1616129280000,58041.6,4.15721536
1616129340000,58051.5,6.80221988
1616129400000,58050.9,5.68342608
1616129460000,58011.8,5.90665108
1616129520000,57967.6,20.18520044
1616129580000,57961.1,11.30698218
1616129640000,57917.0,10.72260625
1616129700000,57913.9,9.9990932
1616129760000,57910.0,10.82070845
1616129820000,57995.7,9.86485751
1616129880000,57920.6,9.7547394
1616129940000,57863.6,15.76344187
1616130000000,57927.9,11.64178221
1616130060000,57960.8,5.86345867
1616130120000,57940.2,2.52870339
1616130180000,57973.2,0.49623735
1616130240000,57922.5,4.05946903
1616130300000,57973.0,0.73896086
1616130360000,57924.3,1.99514581
1616130420000,57872.5,3.92515706
1616130480000,57903.6,1.7931624
1616130540000,57887.5,5.93028102
1616130600000,57811.5,6.49589084
1616130660000,57794.8,6.95643031
1616130720000,57840.1,6.1813072999999985
1616130780000,57898.7,5.45031351
1616130840000,57889.5,4.43305257
1616130900000,57927.9,6.50863726
1616130960000,57920.1,1.860799
1616131020000,57870.5,6.93169458
1616131080000,57859.7,2.49545515
1616131140000,57932.2,5.1606144999999986
1616131200000,57942.1,4.71761622
1616131260000,57950.8,1.78339344
1616131320000,58003.4,8.30009789
1616131380000,57994.5,3.87508773
1616131440000,58003.4,3.65364712
1616131500000,57912.7,38.45521444
1616131560000,57933.5,10.84255468
1616131620000,57835.8,6.31899629
1616131680000,57736.7,12.8415118
1616131740000,57692.0,13.02684091
1616131800000,57779.0,9.880317300000002
1616131860000,57715.7,4.84184203
1616131920000,57591.2,11.15934377
1616131980000,57678.6,14.26749625
1616132040000,57687.3,7.116797
1616132100000,57676.1,12.03624575
1616132160000,57743.8,9.67001567
1616132220000,57780.3,3.16710258
1616132280000,57770.0,2.63528647
1616132340000,57797.1,1.87818612
1616132400000,57822.5,12.83933322
1616132460000,57837.2,4.58101395
1616132520000,57779.4,3.15645496
1616132580000,57779.7,4.04186456
1616132640000,57817.0,4.3127195999999985
1616132700000,57875.1,5.25178397
1616132760000,57991.4,7.07093518
1616132820000,57944.4,5.3414771
1616132880000,57960.4,7.51536066
1616132940000,58018.6,10.10455331
1616133000000,58141.9,12.0636431
1616133060000,58194.6,9.1666262
1616133120000,58331.4,12.991564599999998
1616133180000,58315.0,9.61336012
1616133240000,58337.7,11.60705826
1616133300000,58379.7,10.04290693
1616133360000,58275.8,7.68042429
1616133420000,58277.1,7.53580402
1616133480000,58272.6,1.26887223
1616133540000,58349.2,6.84691923
1616133600000,58391.5,26.19260432
1616133660000,58255.6,25.93987734
1616133720000,58343.3,10.23917875
1616133780000,58246.7,4.78942438
1616133840000,58249.6,8.64931755
1616133900000,58194.6,5.37962102
1616133960000,58166.0,9.6689144
1616134020000,58071.8,11.57956959
1616134080000,58121.3,6.13209229
1616134140000,58077.5,8.17507706
1616134200000,58125.6,7.92792425
1616134260000,58133.4,1.34150096
1616134320000,58063.3,12.29294462
1616134380000,58090.1,7.6219092
1616134440000,58057.1,4.41472585
1616134500000,58042.8,10.79053829
1616134560000,58015.4,7.491058
1616134620000,57986.4,9.75959781
1616134680000,57988.5,9.64658765
1616134740000,58038.9,6.52121405
1616134800000,58033.0,3.29969707
1616134860000,58034.9,1.92760811
1616134920000,58080.6,6.26491393
1616134980000,58050.7,6.44601724
1616135040000,58064.9,5.31732397
1616135100000,58171.3,5.49679453
1616135160000,58101.1,5.49255336
1616135220000,58142.9,3.38626515
1616135280000,58136.5,4.82090223
1616135340000,58113.2,18.2032094
1616135400000,58217.8,13.24449148
1616135460000,58213.0,15.2326366
1616135520000,58186.6,7.12730058
1616135580000,58131.0,2.24746546
1616135640000,58160.9,5.10607043
1616135700000,58125.4,7.40696154
1616135760000,58176.9,3.2049293
1616135820000,58105.7,8.74391398
1616135880000,58030.8,2.50328906
1616135940000,58042.3,2.98025147
1616136000000,58025.6,6.75060545
1616136060000,58025.9,0.7247201999999999
1616136120000,58024.8,1.2091371000000002
1616136180000,58070.3,4.03250472
1616136240000,58041.7,1.49954168
1616136300000,58087.7,5.99536834
1616136360000,58108.9,6.26122989
1616136420000,58094.5,5.33721701
1616136480000,58101.6,2.74281386
1616136540000,58129.3,10.00732471
1616136600000,58142.7,0.55396275
1616136660000,58187.9,6.38512864
1616136720000,58165.8,6.37684633
1616136780000,58163.6,2.01859745
1616136840000,58147.0,1.39480861
1616136900000,58100.2,13.54153319
1616136960000,58148.0,2.03540911
1616137020000,58203.8,6.6914395
1616137080000,58214.1,2.15466196
1616137140000,58139.9,5.36252731
1616137200000,58232.1,10.9183283
1616137260000,58238.7,2.46835847
1616137320000,58208.0,2.75765659
1616137380000,58248.4,2.15819498
1616137440000,58277.7,1.35336305
1616137500000,58346.5,2.44016399
1616137560000,58319.0,6.53118242
1616137620000,58267.3,7.02286582
1616137680000,58283.1,6.67366354
1616137740000,58259.7,6.36352877
1616137800000,58203.1,3.39256661
1616137860000,58144.5,1.10969052
1616137920000,58108.7,18.77335372
1616137980000,58100.7,9.39884237
1616138040000,58071.4,3.83440762
1616138100000,58083.8,1.37889215
1616138160000,58143.9,1.23115237
1616138220000,58182.5,9.93490268
1616138280000,58136.3,7.80509756
1616138340000,58191.1,4.69865082
1616138400000,58209.0,1.30227346
1616138460000,58189.8,3.6255084
1616138520000,58213.2,1.95809478
1616138580000,58160.6,5.40164434
1616138640000,58176.8,9.58535562
1616138700000,58203.0,4.09815157
1616138760000,58217.6,1.03929282
1616138820000,58235.1,4.17114676
1616138880000,58218.4,5.27078409
1616138940000,58242.9,2.3228020000000003
1616139000000,58251.4,5.83877605
1616139060000,58237.0,9.06360395
1616139120000,58142.0,7.6759065
1616139180000,58139.5,7.471170799999999
1616139240000,58118.0,2.23476406
1616139300000,58090.9,10.47640267
1616139360000,58036.9,3.76754442
1616139420000,58084.9,10.40819491
1616139480000,58115.8,6.32268864
1616139540000,58061.4,2.91963673
1616139600000,58058.1,2.60008857
1616139660000,58089.1,3.39727843
1616139720000,58064.0,2.04272834
1616139780000,58055.9,5.95138296
1616139840000,58030.0,4.07213945
1616139900000,58077.0,3.11733941
1616139960000,58081.4,8.21848711
1616140020000,58065.7,7.99455838
1616140080000,58051.5,4.53552802
1616140140000,58045.1,3.7902343
1616140200000,58048.4,1.62894735
1616140260000,58065.2,3.55043921
1616140320000,58045.4,4.30914146
1616140380000,58030.3,3.68728443
1616140440000,58015.1,4.4079633000000005
1616140500000,57840.2,21.72753129
1616140560000,57830.6,16.1491364
1616140620000,57862.0,10.64939044
1616140680000,57817.0,4.49843551
1616140740000,57837.5,11.47295795
1616140800000,57881.6,5.70066571
1616140860000,57851.5,1.98345703
1616140920000,57851.5,8.25042665
1616140980000,57737.2,23.20713591
1616141040000,57592.0,15.2104281
1616141100000,57615.1,23.02860988
1616141160000,57644.1,11.82622311
1616141220000,57741.6,30.69473632
1616141280000,57808.1,18.945838
1616141340000,58033.1,31.77810221
1616141400000,58326.0,46.22150209
1616141460000,58538.3,35.26955405
1616141520000,58439.0,41.88586844
1616141580000,58354.0,57.07312064
1616141640000,58317.5,10.91740209
1616141700000,58309.7,22.17403358
1616141760000,58251.2,5.30577544
1616141820000,58129.1,11.67013799
1616141880000,58139.2,10.73485158
1616141940000,58201.0,10.01847871
1616142000000,58200.0,10.91216328
1616142060000,58161.0,3.11962692
1616142120000,58150.7,3.95946578
1616142180000,58100.0,6.94841302
1616142240000,58068.2,8.62026352
1616142300000,58028.8,10.95635897
1616142360000,58093.8,9.92862541
1616142420000,58078.1,4.34401245
1616142480000,58112.7,9.65343232
1616142540000,58134.1,4.27303945
1616142600000,58253.7,19.660309100000006
1616142660000,58160.1,8.05767631
1616142720000,58058.3,7.11620518
1616142780000,58111.9,14.28078013
1616142840000,58149.7,2.8889977000000004
1616142900000,58133.4,3.50121398
1616142960000,58149.8,5.04601595
1616143020000,58169.1,7.76491732
1616143080000,58199.5,6.71980489
1616143140000,58243.5,5.630763
1616143200000,58202.9,6.81943071
1616143260000,58180.6,6.78758381
1616143320000,58182.3,4.64129735
1616143380000,58202.7,5.96192888
1616143440000,58144.1,6.32636903
1616143500000,58257.5,3.11128276
1616143560000,58309.9,15.62363143
1616143620000,58231.1,2.56430748
1616143680000,58168.9,2.70670597
1616143740000,58168.9,3.60771708
1616143800000,58197.7,4.75897412
1616143860000,58190.6,3.19506087
1616143920000,58202.0,6.2979489
1616143980000,58232.7,5.79599644
1616144040000,58273.8,12.73620512
1616144100000,58408.0,45.98118089
1616144160000,58405.4,4.43918414
1616144220000,58361.5,5.26701101
1616144280000,58300.0,2.46207364
1616144340000,58333.9,2.30241947
1616144400000,58392.3,9.47669286
1616144460000,58516.2,8.37850629
1616144520000,58599.8,27.37059651
1616144580000,58557.7,13.33303868
1616144640000,58739.4,52.58260234
1616144700000,58622.0,9.88455975
1616144760000,58689.2,7.37730389
1616144820000,58593.9,4.48189599
1616144880000,58626.5,18.00417466
1616144940000,58512.0,2.31488047
1616145000000,58590.1,4.39174836
1616145060000,58558.0,2.69054
1616145120000,58617.5,4.48766634
1616145180000,58765.3,15.50987279
1616145240000,58748.4,71.53292629999999
1616145300000,58806.7,35.56751766
1616145360000,58741.3,14.05386919
1616145420000,58689.1,4.12341775
1616145480000,58672.2,3.06519961
1616145540000,58700.4,2.1914947
1616145600000,58567.4,6.30890851
1616145660000,58662.2,4.13562612
1616145720000,58587.0,8.67786734
1616145780000,58622.0,8.23294485
1616145840000,58568.1,19.5413997
1616145900000,58535.5,4.24009575
1616145960000,58534.4,4.91897719
1616146020000,58479.1,6.37662782
1616146080000,58527.2,5.14624146
1616146140000,58524.7,4.50005869
1616146200000,58597.6,12.90233522
1616146260000,58530.7,2.45968808
1616146320000,58571.4,7.40027704
1616146380000,58544.3,2.80463079
1616146440000,58507.6,3.49894113
1616146500000,58536.9,3.51299975
1616146560000,58496.5,8.78504515
1616146620000,58503.6,1.85026476
1616146680000,58477.8,3.15311404
1616146740000,58512.9,2.41373525
1616146800000,58471.0,2.75126304
1616146860000,58524.1,4.61812639
1616146920000,58515.7,10.44893706
1616146980000,58474.5,3.26886578
1616147040000,58495.4,5.34361873
1616147100000,58458.3,2.59016865
1616147160000,58444.6,9.47966661
1616147220000,58292.9,12.42972254
1616147280000,58310.2,6.3298922
1616147340000,58332.1,4.88442019
1616147400000,58265.8,8.64380318
1616147460000,58272.6,2.79044887
1616147520000,58385.4,6.46666755
1616147580000,58333.1,5.52726297
1616147640000,58286.3,4.96366286
1616147700000,58304.6,3.73820507
1616147760000,58322.2,1.74105759
1616147820000,58362.6,2.70773275
1616147880000,58321.8,7.30068447
1616147940000,58301.5,4.30129409
1616148000000,58421.5,5.20877683
1616148060000,58309.3,4.51002915
1616148120000,58133.8,10.0444391
1616148180000,58220.4,11.6794191
1616148240000,58219.5,2.100397
1616148300000,58241.7,4.94206612
1616148360000,58336.7,3.23977383
1616148420000,58277.8,9.06250624
1616148480000,58301.8,3.29989135
1616148540000,58286.5,2.109919
1616148600000,58313.4,6.32952876
1616148660000,58236.3,1.77211958
1616148720000,58200.8,6.89076573
1616148780000,58253.3,4.86122642
1616148840000,58277.0,1.09274821
1616148900000,58309.3,3.26309357
1616148960000,58297.9,1.45562357
1616149020000,58322.2,2.49599667
1616149080000,58394.0,4.43051307
1616149140000,58453.4,7.00598782
1616149200000,58396.6,1.94836555
1616149260000,58398.1,2.05129543
1616149320000,58402.5,7.086442699999999
1616149380000,58370.6,4.45676848
1616149440000,58325.8,11.06497084
1616149500000,58332.6,2.76487116
1616149560000,58359.1,2.61370738
1616149620000,58380.3,1.79541189
1616149680000,58319.2,1.93303041
1616149740000,58380.2,5.20395689
1616149800000,58380.9,2.5129337000000005
1616149860000,58444.9,11.8069281
1616149920000,58418.9,2.049849
1616149980000,58440.9,0.67951704
1616150040000,58408.6,2.64161078
1616150100000,58385.4,1.52263369
1616150160000,58302.3,17.10624491
1616150220000,58304.5,6.12039493
1616150280000,58289.0,2.33883302
1616150340000,58336.0,6.19821674
1616150400000,58401.6,5.70602726
1616150460000,58439.9,8.4226404
1616150520000,58458.0,13.37390151
1616150580000,58370.5,12.91630464
1616150640000,58337.1,3.8664915
1616150700000,58362.3,1.83963406
1616150760000,58361.1,6.95289341
1616150820000,58488.8,3.75879426
1616150880000,58373.9,5.60613239
1616150940000,58383.3,5.43951784
1616151000000,58398.5,4.38451528
1616151060000,58336.5,4.20060865
1616151120000,58411.9,2.36894847
1616151180000,58428.9,1.61358068
1616151240000,58419.2,1.84296522
1616151300000,58521.2,9.75736156
1616151360000,58510.1,3.32760957
1616151420000,58620.7,16.59930729
1616151480000,58693.5,17.99371014
1616151540000,58596.3,8.50056556
1616151600000,58679.6,11.34988882
1616151660000,58654.8,6.20483346
1616151720000,58608.9,6.82345345
1616151780000,58578.2,10.32950553
1616151840000,58555.3,3.22956007
1616151900000,58587.0,5.02326538
1616151960000,58546.4,1.35366277
1616152020000,58514.5,4.93632739
1616152080000,58522.1,7.31893798
1616152140000,58476.4,7.38940505
1616152200000,58530.0,10.44238689
1616152260000,58611.3,8.49705306
1616152320000,58644.1,3.28622518
1616152380000,58589.6,3.29159873
1616152440000,58562.7,4.28084384
1616152500000,58616.3,2.1634816000000003
1616152560000,58616.5,4.67214943
1616152620000,58634.1,2.34377485
1616152680000,58688.5,4.8586985
1616152740000,58711.7,28.27345702
1616152800000,58651.3,13.52433499
1616152860000,58641.9,3.66219822
1616152920000,58627.9,2.95985281
1616152980000,58507.0,9.74104882
1616153040000,58451.0,7.24013661
1616153100000,58476.3,9.72462932
1616153160000,58508.5,5.42115912
1616153220000,58559.9,4.54534489
1616153280000,58549.7,6.26882421
1616153340000,58630.8,6.24624176
1616153400000,58675.5,2.21728321
1616153460000,58616.3,12.24659912
1616153520000,58672.7,8.63861299
1616153580000,58624.7,3.4625021
1616153640000,58594.1,6.06058144
1616153700000,58664.9,4.5749906
1616153760000,58557.9,26.81277024
1616153820000,58594.9,10.9276719
1616153880000,58690.9,13.46446184
1616153940000,58612.5,3.65076079
1616154000000,58582.7,10.74057288
1616154060000,58594.4,13.31489079
1616154120000,58602.4,4.94254383
1616154180000,58635.7,3.5491632000000006
1616154240000,58584.1,10.69484831
1616154300000,58618.8,3.81015537
1616154360000,58587.3,2.18025251
1616154420000,58546.8,12.15661731
1616154480000,58553.1,3.91006687
1616154540000,58525.3,1.60861052
1616154600000,58695.1,14.36493617
1616154660000,58706.8,15.55694492
1616154720000,58741.1,9.3323591
1616154780000,58795.6,7.78447507
1616154840000,58768.0,8.22059163
1616154900000,58711.6,4.49678296
1616154960000,58710.0,7.2255765
1616155020000,58681.2,2.1478289
1616155080000,58764.0,4.70911021
1616155140000,58849.8,16.61591523
1616155200000,58992.1,42.55176082
1616155260000,59070.6,22.41901785
1616155320000,59013.1,12.65731374
1616155380000,59146.0,10.3406007
1616155440000,59124.8,26.27154255
1616155500000,59257.9,12.9672858
1616155560000,59191.5,15.7848543
1616155620000,59082.7,24.16658622
1616155680000,59138.1,7.11790425
1616155740000,59107.2,6.765370699999999
1616155800000,58885.4,17.91790819
1616155860000,58963.3,6.66100319
1616155920000,58981.5,5.06199352
1616155980000,58935.0,6.19647347
1616156040000,58861.9,9.21523716
1616156100000,58955.3,13.52526236
1616156160000,58936.8,4.76620975
1616156220000,58970.1,3.8161244
1616156280000,58941.9,10.54472397
1616156340000,58989.4,7.31052945
1616156400000,58979.1,2.53674694
1616156460000,59038.2,6.99597866
1616156520000,59058.0,6.45857436
1616156580000,59116.1,11.54712887
1616156640000,59118.0,9.3012075
1616156700000,59087.5,6.15662475
1616156760000,59121.2,4.70614633
1616156820000,59100.8,4.15806744
1616156880000,59121.9,4.26287641
1616156940000,59104.4,7.98320232
1616157000000,59140.9,8.19447812
1616157060000,59076.2,2.44001457
1616157120000,59088.0,6.26511347
1616157180000,59118.7,9.34723767
1616157240000,59074.2,4.81137029
1616157300000,59099.6,10.31652645
1616157360000,59034.9,4.87975452
1616157420000,58979.2,4.34607967
1616157480000,58968.2,6.8227772
1616157540000,58933.5,3.44425231
1616157600000,58924.6,3.56200206
1616157660000,58926.6,8.0126062
1616157720000,58952.6,2.89028414
1616157780000,58993.0,2.93925317
1616157840000,58986.0,4.39652775
1616157900000,58975.7,4.0332143
1616157960000,58916.0,6.55191703
1616158020000,58862.1,4.33500475
1616158080000,58757.1,12.56965328
1616158140000,58782.1,7.79410535
1616158200000,58887.3,4.57956797
1616158260000,58860.3,3.1283915
1616158320000,58851.8,4.59686504
1616158380000,58821.1,1.84770312
1616158440000,58817.2,6.30977089
1616158500000,58849.0,4.18389209
1616158560000,58838.6,3.03321197
1616158620000,58835.4,1.51223581
1616158680000,58816.6,1.62288153
1616158740000,58860.4,9.37029425
1616158800000,58691.5,18.10469933
1616158860000,58496.6,43.57114082
1616158920000,58555.0,21.46001654
1616158980000,58622.6,8.28115184
1616159040000,58631.3,8.61331874
1616159100000,58684.3,14.89298222
1616159160000,58626.2,9.09821218
1616159220000,58493.0,8.02479603
1616159280000,58538.9,5.66778216
1616159340000,58470.1,8.10867124
1616159400000,58305.0,36.6574214
1616159460000,58414.1,9.13309509
1616159520000,58359.5,6.61127126
1616159580000,58426.3,5.18310644
1616159640000,58471.0,8.23031688
1616159700000,58534.3,4.79809463
1616159760000,58436.2,6.70407495
1616159820000,58457.0,5.9165191
1616159880000,58504.9,3.52118022
1616159940000,58534.2,2.35247667
1616160000000,58585.7,7.88442402
1616160060000,58609.3,6.67823985
1616160120000,58594.5,4.54952176
1616160180000,58550.1,7.55193832
1616160240000,58476.1,4.67952753
1616160300000,58567.1,2.74478807
1616160360000,58573.3,4.44529769
1616160420000,58557.0,1.00101467
1616160480000,58524.9,5.74914563
1616160540000,58513.9,5.30761205
1616160600000,58449.5,7.51991283
1616160660000,58580.2,6.49178524
1616160720000,58539.5,5.3803730000000005
1616160780000,58525.6,1.53002496
1616160840000,58518.5,2.32865868
1616160900000,58540.0,4.2868727
1616160960000,58487.2,2.49687354
1616161020000,58519.4,10.1966223
1616161080000,58453.4,5.81353128
1616161140000,58370.2,14.27267121
1616161200000,58201.5,16.94257064
1616161260000,58250.9,8.31421079
1616161320000,58200.8,3.41668947
1616161380000,58170.1,6.79142223
1616161440000,58087.1,16.26469611
1616161500000,58199.9,15.13757538
1616161560000,58100.1,10.74056074
1616161620000,58173.2,8.77375516
1616161680000,58229.3,11.66723023
1616161740000,58205.9,7.67461656
1616161800000,58300.6,7.04227762
1616161860000,58352.7,6.61452919
1616161920000,58376.1,7.36266425
1616161980000,58420.1,5.16728801
1616162040000,58319.4,8.47466639
1616162100000,58336.2,3.35512933
1616162160000,58308.4,3.94984327
1616162220000,58305.3,3.52676378
1616162280000,58256.9,2.80867432
1616162340000,58282.4,6.11601396
1616162400000,58181.4,5.85825946
1616162460000,58203.4,5.42484551
1616162520000,58226.9,2.45126039
1616162580000,58315.1,3.51277129
1616162640000,58237.0,4.81023849
1616162700000,58222.1,2.42025857
1616162760000,58200.8,3.40396336
1616162820000,58165.5,10.56109257
1616162880000,58118.8,6.54487169
1616162940000,58009.4,26.02135171
1616163000000,58039.0,28.2616257
1616163060000,58093.0,9.57570185
1616163120000,58066.1,4.932054099999998
1616163180000,58176.3,8.73039609
1616163240000,58227.8,10.68020621
1616163300000,58190.1,7.0589605
1616163360000,58394.8,16.08011208
1616163420000,58394.3,18.8457412
1616163480000,58355.0,8.81297777
1616163540000,58337.3,3.42667504
1616163600000,58343.3,6.12786327
1616163660000,58413.3,3.18839369
1616163720000,58455.3,10.31607977
1616163780000,58444.5,5.40791398
1616163840000,58549.7,4.37809456
1616163900000,58584.0,8.24958468
1616163960000,58473.8,5.55739167
1616164020000,58484.2,13.00586405
1616164080000,58402.8,6.60503439
1616164140000,58417.4,2.64266677
1616164200000,58427.5,2.44394236
1616164260000,58390.9,3.52827849
1616164320000,58415.2,2.81695541
1616164380000,58361.4,2.75462047
1616164440000,58310.6,13.19079559
1616164500000,58369.2,3.43287537
1616164560000,58315.0,1.66096129
1616164620000,58360.5,0.85679311
1616164680000,58499.3,2.52456072
1616164740000,58595.4,4.25871714
1616164800000,58586.8,12.02130026
1616164860000,58698.0,18.73973457
1616164920000,58744.7,11.91454878
1616164980000,58735.3,19.52861321
1616165040000,58704.2,5.47789315
1616165100000,58738.0,4.20998972
1616165160000,58713.9,1.88123393
1616165220000,58666.7,7.70221512
1616165280000,58677.1,5.59109601
1616165340000,58646.5,5.43002963
1616165400000,58628.0,2.26941278
1616165460000,58684.1,2.8932992000000004
1616165520000,58712.7,10.84911629
1616165580000,58734.8,3.64420971
1616165640000,58653.2,3.43465349
1616165700000,58652.3,6.70372332
1616165760000,58648.3,2.2754071
1616165820000,58674.0,2.50815901
1616165880000,58653.2,7.51766476
1616165940000,58742.7,16.98340441
1616166000000,58793.8,10.62768594
1616166060000,58657.9,11.74378371
1616166120000,58602.3,4.84834114
1616166180000,58606.9,6.27626157
1616166240000,58618.1,5.3741949
1616166300000,58590.6,1.18065305
1616166360000,58649.9,4.05437942
1616166420000,58595.1,5.66862197
1616166480000,58521.7,5.4568231
1616166540000,58529.4,4.79306924
1616166600000,58612.4,3.80195953
1616166660000,58622.0,1.50865144
1616166720000,58650.1,0.60716392
1616166780000,58674.8,1.51452294
1616166840000,58708.3,3.22416498
1616166900000,58750.5,1.02065539
1616166960000,58878.2,21.4385407
1616167020000,58854.7,14.6891496
1616167080000,58870.8,2.91559866
1616167140000,58795.5,4.24081314
1616167200000,58831.8,3.01543488
1616167260000,58750.1,3.2944835
1616167320000,58845.9,6.13659962
1616167380000,58805.0,1.83073257
1616167440000,58727.5,5.66776416
1616167500000,58758.1,12.08068846
1616167560000,58962.1,24.34364506
1616167620000,58828.2,2.80990564
1616167680000,58816.1,10.44892148
1616167740000,58805.1,3.10308423
1616167800000,58929.8,8.31361402
1616167860000,58949.8,5.43595668
1616167920000,58912.1,34.42679938
1616167980000,58877.3,8.42266281
1616168040000,58871.5,4.47996156
1616168100000,58962.8,4.73034353
1616168160000,58961.9,6.2409524
1616168220000,58992.4,3.21059485
1616168280000,59064.6,7.56767028
1616168340000,59067.3,10.24595336
1616168400000,59117.9,15.19066418
1616168460000,59070.8,7.69649433
1616168520000,59030.7,9.48717618
1616168580000,59011.0,2.89801606
1616168640000,59011.0,10.72895945
1616168700000,59076.7,7.60776705
1616168760000,59056.3,8.22350922
1616168820000,59009.3,1.88620709
1616168880000,59007.4,7.50565996
1616168940000,58961.7,8.74787296
1616169000000,58979.5,3.10727512
1616169060000,59019.1,3.93587115
1616169120000,59023.9,1.99107584
1616169180000,59031.1,0.75037326
1616169240000,59071.2,5.3529936
1616169300000,59119.9,8.61565854
1616169360000,59121.0,5.12920384
1616169420000,59083.1,7.61590341
1616169480000,59037.4,5.38263978
1616169540000,58986.2,4.06683371
1616169600000,58973.5,9.85012218
1616169660000,58931.2,13.59603225
1616169720000,59132.7,39.47912181
1616169780000,59093.6,14.49140313
1616169840000,59066.2,7.45580136
1616169900000,59057.8,7.48008264
1616169960000,58945.9,2.90637119
1616170020000,58973.9,4.55255346
1616170080000,58871.0,11.80384617
1616170140000,58873.0,10.26768036
1616170200000,58838.6,3.43002733
1616170260000,58793.5,17.31434316
1616170320000,58769.9,5.08332502
1616170380000,58706.1,13.39837032
1616170440000,58872.1,16.9614708
1616170500000,58908.0,3.60377749
1616170560000,58986.2,6.99725102
1616170620000,58983.2,3.48225324
1616170680000,59002.8,29.43707847
1616170740000,59046.5,9.3481985
1616170800000,59023.9,8.94428559
1616170860000,58965.4,3.04745877
1616170920000,58843.5,26.00812503
1616170980000,58764.2,12.61922369
1616171040000,58830.9,5.72665853
1616171100000,58805.2,4.76591571
1616171160000,58854.5,3.77225004
1616171220000,58825.2,1.255443
1616171280000,58842.7,3.64481998
1616171340000,58791.6,1.47185688
1616171400000,58901.9,3.73180054
1616171460000,58853.4,4.59335533
1616171520000,58863.5,5.84853599
1616171580000,58832.4,4.99949715
1616171640000,58816.8,0.96512483
1616171700000,58879.9,3.22540606
1616171760000,58814.8,7.56850336
1616171820000,58821.0,3.56106719
1616171880000,58794.0,2.48917694
1616171940000,58761.0,1.77756598
1616172000000,58838.3,4.7899567
1616172060000,58906.5,6.38710498
1616172120000,58901.3,5.20808175
1616172180000,58832.7,1.44146212
1616172240000,58823.6,2.56634176
1616172300000,58887.6,3.25634826
1616172360000,58915.8,5.59415353
1616172420000,59000.0,4.08293807
1616172480000,58994.6,7.8514306
1616172540000,59021.3,3.72143206
1616172600000,58984.7,2.72686066
1616172660000,58912.2,4.47433966
1616172720000,58953.7,3.61415756
1616172780000,58925.0,2.88455444
1616172840000,58890.7,3.39599003
1616172900000,58825.0,1.4392664
1616172960000,58825.8,1.44863463
1616173020000,58879.0,5.38849766
1616173080000,58864.0,5.39724065
1616173140000,58864.1,1.10649909
1616173200000,58909.1,4.89562081
1616173260000,58944.5,4.49194584
1616173320000,58932.6,4.70804557
1616173380000,58941.6,1.12161969
1616173440000,58870.1,4.59674973
1616173500000,58879.6,1.75304916
1616173560000,58822.6,1.56072276
1616173620000,58765.0,6.184318599999999
1616173680000,58732.5,4.16819454
1616173740000,58745.0,5.34794313
1616173800000,58801.1,4.2583128
1616173860000,58829.0,2.44544232
1616173920000,58826.0,2.27922308
1616173980000,58808.8,0.62481214
1616174040000,58828.9,2.11260965
1616174100000,58890.9,3.33604729
1616174160000,58917.8,3.27461226
1616174220000,58891.1,3.6181057
1616174280000,58816.2,3.82364373
1616174340000,58751.8,9.79762447
1616174400000,58780.4,2.61517708
1616174460000,58748.0,1.6387058
1616174520000,58703.8,6.50224896
1616174580000,58659.9,9.2621616
1616174640000,58710.3,9.25180938
1616174700000,58745.6,5.66545048
1616174760000,58709.7,3.60126275
1616174820000,58758.4,1.90400726
1616174880000,58774.3,0.33002519
1616174940000,58740.4,2.60696632
1616175000000,58807.9,5.53663305
1616175060000,58851.2,2.28239378
1616175120000,58856.7,1.4968666000000002
1616175180000,58804.0,3.09302213
1616175240000,58793.9,3.01789442
1616175300000,58828.5,5.33012482